npi,state,city,zip_code,street_address,street_address_2,phone,organization_name,accepts_medicare,accepts_medicaid,is_valid_record,filter_combination,ingestion_timestamp,load_id,record_id
1093337057,FL,FLEMING ISLAND,320036409,2310 VILLAGE SQUARE PKWY,SUITE 202,9045161880,BAPTIST NEUROLOGY INC,True,True,True,pri_spec=Neurology + state=FL,2025-11-15 19:22:47.223431,20251115_192247,1093337057_FL_2885
1003848565,FL,CALLAHAN,320119348,449621 W HWY 301,SUITE 110,9045072692,"CONVIVA MEDICAL CENTER MANAGEMENT, LLC",True,True,True,pri_spec=INTERNAL MEDICINE + state=FL,2025-11-15 19:22:47.223431,20251115_192247,1003848565_FL_4132
1184625329,FL,FERNANDINA BEACH,320344733,1340 S 18TH ST,SUITE 104,9043763707,BAPTIST NEUROLOGY INC,True,True,True,pri_spec=Neurology + state=FL,2025-11-15 19:22:47.223431,20251115_192247,1184625329_FL_3272
1235166943,FL,FERNANDINA BEACH,320344733,1340 S 18TH ST,SUITE 104,9043763707,BAPTIST NEUROLOGY INC,True,True,True,pri_spec=Neurology + state=FL,2025-11-15 19:22:47.223431,20251115_192247,1235166943_FL_3436
1033318928,FL,FERNANDINA BEACH,320344785,1348 S 18TH ST,SUITE 200,9042619786,"BAPTIST CARDIOLOGY, INC.",True,True,True,pri_spec=INTERNAL MEDICINE + state=FL,2025-11-15 19:22:47.223431,20251115_192247,1033318928_FL_4509
1023019536,FL,MACCLENNY,320632103,159 N 3RD ST,,3033901924,RURAL PHYSICIANS GROUP-PANNU PLLC,True,True,True,pri_spec=INTERNAL MEDICINE + state=FL,2025-11-15 19:22:47.223431,20251115_192247,1023019536_FL_4331
1083881668,FL,LIVE OAK,320644832,1426 CANYON AVE NE,SUITE C,3862080537,ASCENSION INTERNAL MEDICINE OF FLORIDA LLC,True,True,True,pri_spec=INTERNAL MEDICINE + state=FL,2025-11-15 19:22:47.223431,20251115_192247,1083881668_FL_5172
1104389469,FL,MIDDLEBURG,320688447,1670 ST VINCENTS WAY,,5127303056,"HNI MEDICAL SERVICES OF FLORIDA, LLC",True,True,True,pri_spec=INTERNAL MEDICINE + state=FL,2025-11-15 19:22:47.223431,20251115_192247,1104389469_FL_5423
1336582030,FL,ORANGE PARK,320734439,1825 KINGSLEY AVE,SUITE 190,9042729981,"JACKSONVILLE MULTISPECIALTY SERVICES, LLC",True,True,True,pri_spec=Neurology + state=FL,2025-11-15 19:22:47.223431,20251115_192247,1336582030_FL_3831
1033185236,FL,ORANGE PARK,320735148,2001 KINGSLEY AVE,,9042768500,"UNIVERSITY OF FLORIDA JACKSONVILLE PHYSICIANS, INC.",True,True,True,pri_spec=INTERNAL MEDICINE + state=FL,2025-11-15 19:22:47.223431,20251115_192247,1033185236_FL_4469
1053379347,FL,ORANGE PARK,320735180,2140 KINGSLEY AVE,,6156004074,SOLANTIC OF JACKSONVILLE LLC,True,True,True,pri_spec=INTERNAL MEDICINE + state=FL,2025-11-15 19:22:47.223431,20251115_192247,1053379347_FL_4741
1053330787,FL,ORANGE PARK,320739207,1555 KINGSLEY AVE,SUITE 404,9043883357201,EUGENE H MCCOSKEY DO PA,True,True,True,pri_spec=INTERNAL MEDICINE + state=FL,2025-11-15 19:22:47.223431,20251115_192247,1053330787_FL_4695
1114034709,FL,ST AUGUSTINE,320803106,1000 PLANTATION ISLAND DR S,SUITE 9,9044609191,ISLAND DOCTORS INTRASTATE LLC,True,True,True,pri_spec=INTERNAL MEDICINE + state=FL,2025-11-15 19:22:47.223431,20251115_192247,1114034709_FL_5517
1114034709,FL,ST AUGUSTINE,320803109,1301 PLANTATION ISLAND DR S,SUITE 106A,9044609191,SAINT AUGUSTINE HOSPITALISTS PRIMARY CARE,True,True,True,pri_spec=INTERNAL MEDICINE + state=FL,2025-11-15 19:22:47.223431,20251115_192247,1114034709_FL_5515
1114034709,FL,SAINT AUGUSTINE,320804515,100 ARRICOLA AVE,,9048254368,ROY H HINMAN MD PA,True,True,True,pri_spec=INTERNAL MEDICINE + state=FL,2025-11-15 19:22:47.223431,20251115_192247,1114034709_FL_5516
1114034709,FL,ST AUGUSTINE,320804515,100 ARRICOLA AVE,,,ISLAND DOCTORS INTRASTATE LLC,True,True,True,pri_spec=INTERNAL MEDICINE + state=FL,2025-11-15 19:22:47.223431,20251115_192247,1114034709_FL_5519
1083097240,FL,PONTE VEDRA,32081,,,8666876227,NABR MEDICAL GROUP PLLC,False,False,True,pri_spec=INTERNAL MEDICINE + state=FL,2025-11-15 19:22:47.223431,20251115_192247,1083097240_FL_5041
1013914787,FL,SAINT AUGUSTINE,320865775,100 WHETSTONE PL,SUITE 105,9048243777,VILLAGES REGIONAL HOSPITAL PHYSICIAN SERVICES LLC,False,True,True,pri_spec=INTERNAL MEDICINE + state=FL,2025-11-15 19:22:47.223431,20251115_192247,1013914787_FL_4294
1053372672,FL,DAYTONA BEACH,321141603,731 N CLYDE MORRIS BLVD,,3862571626,"CONVIVA MEDICAL CENTER MANAGEMENT, LLC",True,True,True,pri_spec=INTERNAL MEDICINE + state=FL,2025-11-15 19:22:47.223431,20251115_192247,1053372672_FL_4735
1104846815,FL,DAYTONA BCH,321142709,303 N CLYDE MORRIS BLVD,,,HALIFAX HEALTHCARE SYSTEMS INC,True,True,True,pri_spec=Neurology + state=FL,2025-11-15 19:22:47.223431,20251115_192247,1104846815_FL_2925
1063405975,FL,DAYTONA BEACH,321142733,350 N CLYDE MORRIS BLVD,,3862383200,FLORIDA HEALTH CARE PLAN INC,True,True,True,pri_spec=Neurology + state=FL,2025-11-15 19:22:47.223431,20251115_192247,1063405975_FL_2775
1073995049,FL,DAYTONA BEACH,321146025,324 WILDER BLVD,,8668777123,FLORIDA POST ACUTE CARE CLINICIANS LLC,True,True,True,pri_spec=INTERNAL MEDICINE + state=FL,2025-11-15 19:22:47.223431,20251115_192247,1073995049_FL_5019
1053600874,FL,DAYTONA BEACH,321174503,1630 MASON AVE,SUITE C,3862389064,EXCELLENCE HEALTH LLC,True,True,True,pri_spec=INTERNAL MEDICINE + state=FL,2025-11-15 19:22:47.223431,20251115_192247,1053600874_FL_4779
1295046084,FL,DAYTONA BEACH,321175167,301 MEMORIAL MEDICAL PKWY,,3862316000,"FLORIDA HOSPITAL HEALTHCARE PARTNERS, INC",True,True,True,pri_spec=Neurology + state=FL,2025-11-15 19:22:47.223431,20251115_192247,1295046084_FL_3583
1013441047,FL,DAYTONA BEACH,321175167,301 MEMORIAL MEDICAL PKWY,,3862316000,"FLORIDA HOSPITAL HEALTHCARE PARTNERS, INC",True,True,True,pri_spec=INTERNAL MEDICINE + state=FL,2025-11-15 19:22:47.223431,20251115_192247,1013441047_FL_4251
1053357475,FL,DAYTONA BEACH,321175167,301 MEMORIAL MEDICAL PKWY,,3866760255,VOLUSIA HOSPITALISTS PLC,True,True,True,pri_spec=INTERNAL MEDICINE + state=FL,2025-11-15 19:22:47.223431,20251115_192247,1053357475_FL_4729
1053986240,FL,DAYTONA BEACH,321175167,301 MEMORIAL MEDICAL PKWY,,3862316000,"FLORIDA HOSPITAL HEALTHCARE PARTNERS, INC",True,True,True,pri_spec=INTERNAL MEDICINE + state=FL,2025-11-15 19:22:47.223431,20251115_192247,1053986240_FL_4840
1104576149,FL,DAYTONA BEACH,321175167,301 MEMORIAL MEDICAL PKWY,,3862316000,"FLORIDA HOSPITAL HEALTHCARE PARTNERS, INC",True,True,True,pri_spec=INTERNAL MEDICINE + state=FL,2025-11-15 19:22:47.223431,20251115_192247,1104576149_FL_5446
1326095878,FL,PORT ORANGE,321283009,5354 COQUINA SHORES LN,,6153468182,"RTNA, PC",True,True,True,pri_spec=Neurology + state=FL,2025-11-15 19:22:47.223431,20251115_192247,1326095878_FL_3738
1053753442,FL,PALM COAST,321373667,4869 PALM COAST PKWY NW (WEST POINT,UNIT 4AND5,3862587100,SLEEP-WAKE DISORDER CENTER OF DAYTONA PA,True,True,True,pri_spec=INTERNAL MEDICINE + state=FL,2025-11-15 19:22:47.223431,20251115_192247,1053753442_FL_4808
1053600874,FL,PALM COAST,321373886,309 PALM COAST PKWY NE,,3867560591,FLORIDA HEALTH CARE PLAN INC,True,True,True,pri_spec=INTERNAL MEDICINE + state=FL,2025-11-15 19:22:47.223431,20251115_192247,1053600874_FL_4780
1063427235,FL,PALM COAST,321373886,309 PALM COAST PKWY NE,,3867560591,FLORIDA HEALTH CARE PLAN INC,True,True,True,pri_spec=INTERNAL MEDICINE + state=FL,2025-11-15 19:22:47.223431,20251115_192247,1063427235_FL_4858
1225133911,FL,PALM COAST,321373888,315 PALM COAST PKWY NE,,3864457073,FLORIDA HEALTH CARE PLAN INC,True,True,True,pri_spec=Neurology + state=FL,2025-11-15 19:22:47.223431,20251115_192247,1225133911_FL_3403
1003424631,FL,PALM COAST,321374702,1 ADVENTHEALTH WAY,,3863021800,"SOUND PHYSICIANS OF FLORIDA IV, LLC",True,True,True,pri_spec=INTERNAL MEDICINE + state=FL,2025-11-15 19:22:47.223431,20251115_192247,1003424631_FL_4099
1013479237,FL,PALM COAST,321374702,1 ADVENTHEALTH WAY,,3863021800,"SOUND PHYSICIANS OF FLORIDA IV, LLC",True,True,True,pri_spec=INTERNAL MEDICINE + state=FL,2025-11-15 19:22:47.223431,20251115_192247,1013479237_FL_4268
1073834123,FL,THE VILLAGES,321590041,1451 EL CAMINO REAL,,3527518000,PARAGON EMERGENCY SERVICES LLC,True,True,True,pri_spec=INTERNAL MEDICINE + state=FL,2025-11-15 19:22:47.223431,20251115_192247,1073834123_FL_5005
1023694130,FL,THE VILLAGES,321596812,1400 N US HWY 441,SUITE 930,3527502108,CENTERWELL SENIOR PRIMARY CARE FL INC.,True,True,True,pri_spec=INTERNAL MEDICINE + state=FL,2025-11-15 19:22:47.223431,20251115_192247,1023694130_FL_4432
1104854421,FL,THE VILLAGES,321596820,1575 SANTA BARBARA BLVD,,3526741740,THE VILLAGES HEALTH SYSTEM LLC,True,True,True,pri_spec=INTERNAL MEDICINE + state=FL,2025-11-15 19:22:47.223431,20251115_192247,1104854421_FL_5478
1003803412,FL,THE VILLAGES,321596827,1580 SANTA BARBARA BLVD,,3522592159,SYNERGY INPATIENT SERVICES LLC,True,True,True,pri_spec=INTERNAL MEDICINE + state=FL,2025-11-15 19:22:47.223431,20251115_192247,1003803412_FL_4117
1013975366,FL,THE VILLAGES,321596827,1580 SANTA BARBARA BLVD,,3522592159,PREMIER MEDICAL ASSOCIATES ALL FLORIDA LLC,True,True,True,pri_spec=INTERNAL MEDICINE + state=FL,2025-11-15 19:22:47.223431,20251115_192247,1013975366_FL_4318
1083643332,FL,THE VILLAGES,321596827,1580 SANTA BARBARA BLVD,,3522592159,"PREMIER MEDICAL ASSOCIATES OF FLORIDA HEALTHCARE, PA",True,True,True,pri_spec=INTERNAL MEDICINE + state=FL,2025-11-15 19:22:47.223431,20251115_192247,1083643332_FL_5084
1083920383,FL,THE VILLAGES,321598983,1400 US HWY 441 N,SUITE 522,3523885800,SUNSHINE KIDNEY CARE LLC,True,True,True,pri_spec=Neurology + state=FL,2025-11-15 19:22:47.223431,20251115_192247,1083920383_FL_2865
1104144419,FL,THE VILLAGES,321625608,1950 LAUREL MANOR DR,SUITE 206,3522058812,"ARBOR MEDICAL GROUP, PLLC",True,True,True,pri_spec=INTERNAL MEDICINE + state=FL,2025-11-15 19:22:47.223431,20251115_192247,1104144419_FL_5386
1013975366,FL,THE VILLAGES,321625609,910 OLD CAMP RD,SUITE 130,3522592159,PREMIER MEDICAL ASSOCIATES ALL FLORIDA LLC,True,True,True,pri_spec=INTERNAL MEDICINE + state=FL,2025-11-15 19:22:47.223431,20251115_192247,1013975366_FL_4319
1043212780,FL,THE VILLAGES,321632032,2910 BROWNWOOD BLVD,,3526741790,THE VILLAGES HEALTH SYSTEM LLC,True,True,True,pri_spec=INTERNAL MEDICINE + state=FL,2025-11-15 19:22:47.223431,20251115_192247,1043212780_FL_4586
1063864346,FL,THE VILLAGES,321632703,2485 PINELLAS PL,,3526741720,THE VILLAGES HEALTH SYSTEM LLC,True,True,True,pri_spec=INTERNAL MEDICINE + state=FL,2025-11-15 19:22:47.223431,20251115_192247,1063864346_FL_4920
1083824262,FL,PALM COAST,321645980,60 MEMORIAL MEDICAL PKWY,,3865862000,"FLORIDA HOSPITAL HEALTHCARE PARTNERS, INC",True,True,True,pri_spec=Neurology + state=FL,2025-11-15 19:22:47.223431,20251115_192247,1083824262_FL_2862
1013479237,FL,PALM COAST,321645980,60 MEMORIAL MEDICAL PKWY,,3865862000,"SOUND PHYSICIANS OF FLORIDA IV, LLC",True,True,True,pri_spec=INTERNAL MEDICINE + state=FL,2025-11-15 19:22:47.223431,20251115_192247,1013479237_FL_4269
1023660198,FL,PALM COAST,321645980,60 MEMORIAL MEDICAL PKWY,,3865862000,"SOUND PHYSICIANS OF FLORIDA IV, LLC",True,True,True,pri_spec=INTERNAL MEDICINE + state=FL,2025-11-15 19:22:47.223431,20251115_192247,1023660198_FL_4426
1073990727,FL,NEW SMYRNA BEACH,321687322,401 PALMETTO ST,,3864245000,"FLORIDA HOSPITAL HEALTHCARE PARTNERS, INC",True,True,True,pri_spec=INTERNAL MEDICINE + state=FL,2025-11-15 19:22:47.223431,20251115_192247,1073990727_FL_5018
1104846815,FL,ORMOND BEACH,321743102,8 MIRROR LAKE DR,SUITE A,3866732500227,NEUROLOGY ASSOCIATES OF ORMOND BEACH PA,True,True,True,pri_spec=Neurology + state=FL,2025-11-15 19:22:47.223431,20251115_192247,1104846815_FL_2927
1164455119,FL,ORMOND BEACH,321745063,570 MEMORIAL CIR,SUITE 200,3869449813,COMPASSIONATE HEALTH AND MANAGED PAIN LLC,True,True,True,pri_spec=Neurology + state=FL,2025-11-15 19:22:47.223431,20251115_192247,1164455119_FL_3211
1023057999,FL,ORMOND BEACH,321748204,ADVENTHEALTH WELL,290 CLYDE MORRIS BLVD SUIT,3866156642,ADVENTHEALTH SENIOR CARE INC,True,True,True,pri_spec=INTERNAL MEDICINE + state=FL,2025-11-15 19:22:47.223431,20251115_192247,1023057999_FL_4359
1104931914,FL,ORMOND BEACH,321748204,ADVENTHEALTH WELL,290 CLYDE MORRIS BLVD SUIT,3866156642,ADVENTHEALTH SENIOR CARE INC,True,True,True,pri_spec=INTERNAL MEDICINE + state=FL,2025-11-15 19:22:47.223431,20251115_192247,1104931914_FL_5505
1225064322,FL,ORMOND BEACH,321749406,725 W GRANADA BLVD,SUITE 22,3867882300,COASTAL NEUROLOGY INC,True,True,True,pri_spec=Neurology + state=FL,2025-11-15 19:22:47.223431,20251115_192247,1225064322_FL_3398
1245252444,FL,ORMOND BEACH,321749406,725 W GRANADA BLVD,SUITE 22,3867882300,COASTAL NEUROLOGY INC,True,True,True,pri_spec=Neurology + state=FL,2025-11-15 19:22:47.223431,20251115_192247,1245252444_FL_3456
1013591528,FL,PALATKA,321773810,611 ZEAGLER DR,,3863285711,HOSPITAL PHYSICIAN SERVICES OF FLORIDA PA,True,True,True,pri_spec=INTERNAL MEDICINE + state=FL,2025-11-15 19:22:47.223431,20251115_192247,1013591528_FL_4273
1013577998,FL,WEIRSDALE,321952442,16400 S HWY 25,,3528219797,WEIRSDALE FAMILY HEALTH CENTER INC,True,True,True,pri_spec=INTERNAL MEDICINE + state=FL,2025-11-15 19:22:47.223431,20251115_192247,1013577998_FL_4272
1104498971,FL,WEIRSDALE,321952442,16400 S HWY 25,,3528219797,WEIRSDALE FAMILY HEALTH CENTER INC,True,True,True,pri_spec=INTERNAL MEDICINE + state=FL,2025-11-15 19:22:47.223431,20251115_192247,1104498971_FL_5443
1154552396,FL,JACKSONVILLE,322024912,484 RIVERSIDE AVE,,,H2 REHABILITATION SERVICES OF FLORIDA LLC,True,True,True,pri_spec=Neurology + state=FL,2025-11-15 19:22:47.223431,20251115_192247,1154552396_FL_3153
1073506168,FL,JACKSONVILLE,322044601,2257 OAK ST,,9043889202,"HEALTH FIRST PRIVIA MEDICAL GROUP, LLC",True,True,True,pri_spec=INTERNAL MEDICINE + state=FL,2025-11-15 19:22:47.223431,20251115_192247,1073506168_FL_4956
1023571247,FL,JACKSONVILLE,322044748,1 SHIRCLIFF WAY,ST VINCENTS MEDICAL CENTER,9043087300,"UNIVERSITY OF FLORIDA JACKSONVILLE PHYSICIANS, INC.",True,True,True,pri_spec=Neurology + state=FL,2025-11-15 19:22:47.223431,20251115_192247,1023571247_FL_2691
1336563295,FL,JACKSONVILLE,322044748,1 SHIRCLIFF WAY,ST VINCENTS MEDICAL CENTER,9043087300,"UNIVERSITY OF FLORIDA JACKSONVILLE PHYSICIANS, INC.",True,True,True,pri_spec=Neurology + state=FL,2025-11-15 19:22:47.223431,20251115_192247,1336563295_FL_3821
1013321611,FL,JACKSONVILLE,322044748,1 SHIRCLIFF WAY,,5127303056,"HNI MEDICAL SERVICES OF FLORIDA, LLC",True,True,True,pri_spec=INTERNAL MEDICINE + state=FL,2025-11-15 19:22:47.223431,20251115_192247,1013321611_FL_4235
1023020856,FL,JACKSONVILLE,322044748,1 SHIRCLIFF WAY,,5127303056,"HNI MEDICAL SERVICES OF FLORIDA, LLC",True,True,True,pri_spec=INTERNAL MEDICINE + state=FL,2025-11-15 19:22:47.223431,20251115_192247,1023020856_FL_4332
1053755785,FL,JACKSONVILLE,322044748,1 SHIRCLIFF WAY,,5127303056,"HNI MEDICAL SERVICES OF FLORIDA, LLC",True,True,True,pri_spec=INTERNAL MEDICINE + state=FL,2025-11-15 19:22:47.223431,20251115_192247,1053755785_FL_4809
1083877575,FL,JACKSONVILLE,322044748,1 SHIRCLIFF WAY,,5127303056,"HNI MEDICAL SERVICES OF FLORIDA, LLC",True,True,True,pri_spec=INTERNAL MEDICINE + state=FL,2025-11-15 19:22:47.223431,20251115_192247,1083877575_FL_5169
1104389469,FL,JACKSONVILLE,322044748,1 SHIRCLIFF WAY,,5127303056,"HNI MEDICAL SERVICES OF FLORIDA, LLC",True,True,True,pri_spec=INTERNAL MEDICINE + state=FL,2025-11-15 19:22:47.223431,20251115_192247,1104389469_FL_5424
1265811152,FL,JACKSONVILLE,322044767,2 SHIRCLIFF WAY,SUITE 300,9043082006,ST VINCENT'S AMBULATORY CARE INC,True,True,True,pri_spec=Neurology + state=FL,2025-11-15 19:22:47.223431,20251115_192247,1265811152_FL_3518
1316391949,FL,JACKSONVILLE,322044786,3 SHIRCLIFF WAY,DILLION BUILDING SUITE 72,9043087959,ST VINCENT'S AMBULATORY CARE INC,True,True,True,pri_spec=Neurology + state=FL,2025-11-15 19:22:47.223431,20251115_192247,1316391949_FL_3716
1083935670,FL,JACKSONVILLE,322078202,800 PRUDENTIAL DR,,9043886518,LYERLY BAPTIST INC,True,True,True,pri_spec=Neurology + state=FL,2025-11-15 19:22:47.223431,20251115_192247,1083935670_FL_2866
1285730374,FL,JACKSONVILLE,322078202,800 PRUDENTIAL DR,,9043886518,LYERLY BAPTIST INC,True,True,True,pri_spec=Neurology + state=FL,2025-11-15 19:22:47.223431,20251115_192247,1285730374_FL_3570
1306077177,FL,JACKSONVILLE,322078202,800 PRUDENTIAL DR,,9043886518,LYERLY BAPTIST INC,True,True,True,pri_spec=Neurology + state=FL,2025-11-15 19:22:47.223431,20251115_192247,1306077177_FL_3661
1104023308,FL,JACKSONVILLE,322078329,841 PRUDENTIAL DR,SUITE 10,9043985404,BAPTIST NEUROLOGY INC,True,True,True,pri_spec=Neurology + state=FL,2025-11-15 19:22:47.223431,20251115_192247,1104023308_FL_2900
1134749591,FL,JACKSONVILLE,322078329,841 PRUDENTIAL DR,SUITE 10,9043985404,BAPTIST NEUROLOGY INC,True,True,True,pri_spec=Neurology + state=FL,2025-11-15 19:22:47.223431,20251115_192247,1134749591_FL_3096
1154552396,FL,JACKSONVILLE,322078329,841 PRUDENTIAL DR,SUITE 10,9043985404,BAPTIST NEUROLOGY INC,True,True,True,pri_spec=Neurology + state=FL,2025-11-15 19:22:47.223431,20251115_192247,1154552396_FL_3152
1245737642,FL,JACKSONVILLE,322078329,841 PRUDENTIAL DR,SUITE 10,9043985404,BAPTIST NEUROLOGY INC,True,True,True,pri_spec=Neurology + state=FL,2025-11-15 19:22:47.223431,20251115_192247,1245737642_FL_3466
1255694667,FL,JACKSONVILLE,322078329,841 PRUDENTIAL DR,SUITE 10,9043985404,BAPTIST NEUROLOGY INC,True,True,True,pri_spec=Neurology + state=FL,2025-11-15 19:22:47.223431,20251115_192247,1255694667_FL_3492
1285138750,FL,JACKSONVILLE,322078329,841 PRUDENTIAL DR,SUITE 10,9043985404,BAPTIST NEUROLOGY INC,True,True,True,pri_spec=Neurology + state=FL,2025-11-15 19:22:47.223431,20251115_192247,1285138750_FL_3531
1316104722,FL,JACKSONVILLE,322078329,841 PRUDENTIAL DR,SUITE 10,9043985404,BAPTIST NEUROLOGY INC,True,True,True,pri_spec=Neurology + state=FL,2025-11-15 19:22:47.223431,20251115_192247,1316104722_FL_3686
1023514122,FL,JACKSONVILLE,322096511,655 W 8TH ST,,8883290807,NEUROSHIELD NETWORK SE LLC,True,True,True,pri_spec=Neurology + state=FL,2025-11-15 19:22:47.223431,20251115_192247,1023514122_FL_2687
1023571247,FL,JACKSONVILLE,322096511,653 W 8TH ST,,9042441680,"UNIVERSITY OF FLORIDA JACKSONVILLE PHYSICIANS, INC.",True,True,True,pri_spec=Neurology + state=FL,2025-11-15 19:22:47.223431,20251115_192247,1023571247_FL_2692
1336563295,FL,JACKSONVILLE,322096511,653 W 8TH ST,,9042441680,"UNIVERSITY OF FLORIDA JACKSONVILLE PHYSICIANS, INC.",True,True,True,pri_spec=Neurology + state=FL,2025-11-15 19:22:47.223431,20251115_192247,1336563295_FL_3822
1033185236,FL,JACKSONVILLE,322096511,653 W 8TH ST,,9042441680,"UNIVERSITY OF FLORIDA JACKSONVILLE PHYSICIANS, INC.",True,True,True,pri_spec=INTERNAL MEDICINE + state=FL,2025-11-15 19:22:47.223431,20251115_192247,1033185236_FL_4470
1053322172,FL,JACKSONVILLE,322096511,653 W 8TH ST,,9042441680,"UNIVERSITY OF FLORIDA JACKSONVILLE PHYSICIANS, INC.",True,True,True,pri_spec=INTERNAL MEDICINE + state=FL,2025-11-15 19:22:47.223431,20251115_192247,1053322172_FL_4687
1053570358,FL,JACKSONVILLE,322096511,655 W 8TH ST,,9042446700,"UNIVERSITY OF FLORIDA JACKSONVILLE PHYSICIANS, INC.",True,True,True,pri_spec=INTERNAL MEDICINE + state=FL,2025-11-15 19:22:47.223431,20251115_192247,1053570358_FL_4774
1073552360,FL,JACKSONVILLE,322096511,655 W 8TH ST,,9042443850,SOUND PHYSICIANS OF FLORIDA VI LLC,True,True,True,pri_spec=INTERNAL MEDICINE + state=FL,2025-11-15 19:22:47.223431,20251115_192247,1073552360_FL_4968
1083097240,FL,JACKSONVILLE,322096511,655 W 8TH ST,,9042443850,"COGENT HEALTHCARE OF JACKSONVILLE, LLC",False,True,True,pri_spec=INTERNAL MEDICINE + state=FL,2025-11-15 19:22:47.223431,20251115_192247,1083097240_FL_5039
1023571247,FL,JACKSONVILLE,322096533,580 W 8TH ST,,9042449800,"UNIVERSITY OF FLORIDA JACKSONVILLE PHYSICIANS, INC.",True,True,True,pri_spec=Neurology + state=FL,2025-11-15 19:22:47.223431,20251115_192247,1023571247_FL_2695
1255627667,FL,JACKSONVILLE,322096533,580 W 8TH ST,,9042449390,"UNIVERSITY OF FLORIDA JACKSONVILLE PHYSICIANS, INC.",True,True,True,pri_spec=Neurology + state=FL,2025-11-15 19:22:47.223431,20251115_192247,1255627667_FL_3491
1336563295,FL,JACKSONVILLE,322096533,580 W 8TH ST,,9042449800,"UNIVERSITY OF FLORIDA JACKSONVILLE PHYSICIANS, INC.",True,True,True,pri_spec=Neurology + state=FL,2025-11-15 19:22:47.223431,20251115_192247,1336563295_FL_3825
1164405460,FL,JACKSONVILLE,322161471,4205 BELFORT RD,,9043087959,ST VINCENT'S AMBULATORY CARE INC,True,True,True,pri_spec=Neurology + state=FL,2025-11-15 19:22:47.223431,20251115_192247,1164405460_FL_3208
1245229319,FL,JACKSONVILLE,322161471,4205 BELFORT RD,,9043087959,ST VINCENT'S AMBULATORY CARE INC,True,True,True,pri_spec=Neurology + state=FL,2025-11-15 19:22:47.223431,20251115_192247,1245229319_FL_3454
1063153021,FL,JACKSONVILLE,322164207,3625 UNIVERSITY BLVD S,,9047026111,PARAGON EMERGENCY SERVICES LLC,True,True,True,pri_spec=INTERNAL MEDICINE + state=FL,2025-11-15 19:22:47.223431,20251115_192247,1063153021_FL_4850
1063401057,FL,JACKSONVILLE,322164305,6067 KENNERLY RD,,9047317131,FIRST COAST SURGICAL ASSOCIATES INC.,True,True,True,pri_spec=INTERNAL MEDICINE + state=FL,2025-11-15 19:22:47.223431,20251115_192247,1063401057_FL_4852
1053471987,FL,JACKSONVILLE,322164362,4085 UNIVERSITY BLVD S,SUITE 3,9044484174,NEUROLOGY PARTNERS PA,True,True,True,pri_spec=Neurology + state=FL,2025-11-15 19:22:47.223431,20251115_192247,1053471987_FL_2764
1083822134,FL,JACKSONVILLE,322164362,4085 UNIVERSITY BLVD S,SUITE 3,9044484174,NEUROLOGY PARTNERS PA,True,True,True,pri_spec=Neurology + state=FL,2025-11-15 19:22:47.223431,20251115_192247,1083822134_FL_2861
1104197979,FL,JACKSONVILLE,32217,,,9044933390,JACKSONVILLE HOSPITALISTS PA,True,True,True,pri_spec=INTERNAL MEDICINE + state=FL,2025-11-15 19:22:47.223431,20251115_192247,1104197979_FL_5390
1265559389,FL,JACKSONVILLE,322174288,8823 SAN JOSE BLVD,SUITE 209,9044047044,UNIVERSAL NEUROLOGICAL CARE PA,True,True,True,pri_spec=Neurology + state=FL,2025-11-15 19:22:47.223431,20251115_192247,1265559389_FL_3513
1104197979,FL,JACKSONVILLE,322174863,8613 OLD KINGS RD S,SUITE 602,9044933390,"SYMPHONY SPECIALTY GROUP, LLC",True,True,True,pri_spec=INTERNAL MEDICINE + state=FL,2025-11-15 19:22:47.223431,20251115_192247,1104197979_FL_5391
1023571247,FL,JACKSONVILLE,322187213,15255 MAX LEGGETT PKWY,,9043831000,"UNIVERSITY OF FLORIDA JACKSONVILLE PHYSICIANS, INC.",True,True,True,pri_spec=Neurology + state=FL,2025-11-15 19:22:47.223431,20251115_192247,1023571247_FL_2696
1336563295,FL,JACKSONVILLE,322187213,15255 MAX LEGGETT PKWY,,9043831000,"UNIVERSITY OF FLORIDA JACKSONVILLE PHYSICIANS, INC.",True,True,True,pri_spec=Neurology + state=FL,2025-11-15 19:22:47.223431,20251115_192247,1336563295_FL_3826
1053710913,FL,JACKSONVILLE,322187273,15255 MAX LEGGETT PKWY,,9043831000,"COGENT HEALTHCARE OF JACKSONVILLE, LLC",True,True,True,pri_spec=INTERNAL MEDICINE + state=FL,2025-11-15 19:22:47.223431,20251115_192247,1053710913_FL_4795
1053949073,FL,JACKSONVILLE,322187273,15255 MAX LEGGETT PKWY,,9043831000,"COGENT HEALTHCARE OF JACKSONVILLE, LLC",True,True,True,pri_spec=INTERNAL MEDICINE + state=FL,2025-11-15 19:22:47.223431,20251115_192247,1053949073_FL_4837
1023571247,FL,JACKSONVILLE,322240609,5191 1ST COAST TECH PKWY,,9044276991,"UNIVERSITY OF FLORIDA JACKSONVILLE PHYSICIANS, INC.",True,True,True,pri_spec=Neurology + state=FL,2025-11-15 19:22:47.223431,20251115_192247,1023571247_FL_2698
1336563295,FL,JACKSONVILLE,322240609,5191 1ST COAST TECH PKWY,,9044276991,"UNIVERSITY OF FLORIDA JACKSONVILLE PHYSICIANS, INC.",True,True,True,pri_spec=Neurology + state=FL,2025-11-15 19:22:47.223431,20251115_192247,1336563295_FL_3828
1053379347,FL,JACKSONVILLE,322252520,2401 MONUMENT RD,,9046420337,SOLANTIC OF JACKSONVILLE LLC,True,True,True,pri_spec=INTERNAL MEDICINE + state=FL,2025-11-15 19:22:47.223431,20251115_192247,1053379347_FL_4742
1073613295,FL,JACKSONVILLE,322256462,1301 MONUMENT RD,SUITE 19,9047249334,PERRY GENERAL AND INTERNAL MEDICINE OF NORTHEAST FLORIDA INC,True,True,True,pri_spec=INTERNAL MEDICINE + state=FL,2025-11-15 19:22:47.223431,20251115_192247,1073613295_FL_4983
1093073181,FL,JACKSONVILLE BEACH,322501422,1680 THE GREENS WAY,SUITE 200,9048007380,FLORIDA MEMORY CARE AND NEUROLOGY SERVICES LLC,True,True,True,pri_spec=Neurology + state=FL,2025-11-15 19:22:47.223431,20251115_192247,1093073181_FL_2869
1255385662,FL,JACKSONVILLE BEACH,322501422,1680 THE GREENS WAY,SUITE 200A,9048217390,PURE HEALTHCARE OF FLORIDA LLC,True,True,True,pri_spec=Neurology + state=FL,2025-11-15 19:22:47.223431,20251115_192247,1255385662_FL_3485
1053330787,FL,JACKSONVILLE,322503203,1350 13TH AVE S,,5127303056,JACKSONVILLE LUNG CLINIC LLC,True,True,True,pri_spec=INTERNAL MEDICINE + state=FL,2025-11-15 19:22:47.223431,20251115_192247,1053330787_FL_4696
1003893215,FL,JACKSONVILLE BEACH,322503235,1361 13TH AVE S,SUITE 150,9042427177,NORTH FLORIDA MEDICAL CLINIC INC,True,True,True,pri_spec=INTERNAL MEDICINE + state=FL,2025-11-15 19:22:47.223431,20251115_192247,1003893215_FL_4161
1033185236,FL,JACKSONVILLE,322565004,10475 CENTURION PKWY N,SUITE 201,9043831004,"UNIVERSITY OF FLORIDA JACKSONVILLE PHYSICIANS, INC.",True,True,True,pri_spec=INTERNAL MEDICINE + state=FL,2025-11-15 19:22:47.223431,20251115_192247,1033185236_FL_4473
1003903949,FL,JACKSONVILLE,322587419,14540 OLD SAINT AUGUSTINE RD,SUITE 2207,9042248090,BAPTIST NEUROLOGY INC,True,True,True,pri_spec=Neurology + state=FL,2025-11-15 19:22:47.223431,20251115_192247,1003903949_FL_2618
1023329372,FL,JACKSONVILLE,322587419,14540 OLD SAINT AUGUSTINE RD,SUITE 2207,9042248090,BAPTIST NEUROLOGY INC,True,True,True,pri_spec=Neurology + state=FL,2025-11-15 19:22:47.223431,20251115_192247,1023329372_FL_2674
1174933147,FL,JACKSONVILLE,322587420,14540 OLD SAINT AUGUSTINE RD,SUITE 2599,9042248090,BAPTIST NEUROLOGY INC,True,True,True,pri_spec=Neurology + state=FL,2025-11-15 19:22:47.223431,20251115_192247,1174933147_FL_3245
1215194030,FL,SAINT JOHNS,322591155,205 TRINITY WAY,,9044508120,CEP AMERICA - NEUROLOGY PC,True,True,True,pri_spec=Neurology + state=FL,2025-11-15 19:22:47.223431,20251115_192247,1215194030_FL_3384
1265753339,FL,SAINT JOHNS,322591155,205 TRINITY WAY,,9044508120,CEP AMERICA - NEUROLOGY PC,True,True,True,pri_spec=Neurology + state=FL,2025-11-15 19:22:47.223431,20251115_192247,1265753339_FL_3517
1285921155,FL,SAINT JOHNS,322591155,205 TRINITY WAY,,9044508120,CEP AMERICA - NEUROLOGY PC,True,True,True,pri_spec=Neurology + state=FL,2025-11-15 19:22:47.223431,20251115_192247,1285921155_FL_3580
1013321611,FL,ST JOHNS,322591155,205 TRINITY WAY,,9044508120,"HNI MEDICAL SERVICES OF FLORIDA, LLC",True,True,True,pri_spec=INTERNAL MEDICINE + state=FL,2025-11-15 19:22:47.223431,20251115_192247,1013321611_FL_4236
1164659546,FL,SAINT JOHNS,322597229,147 ELLSWORTH CIR,,2392082212,VIRTUAL NEUROLOGY TEXAS PLLC,True,True,True,pri_spec=Neurology + state=FL,2025-11-15 19:22:47.223431,20251115_192247,1164659546_FL_3227
1053323584,FL,TALLAHASSEE,323016303,2200 S MONROE ST,,8506562437,BIG BEND CARES INC,True,True,True,pri_spec=INTERNAL MEDICINE + state=FL,2025-11-15 19:22:47.223431,20251115_192247,1053323584_FL_4690
1023670833,FL,TALLAHASSEE,323084402,2626 CAPITAL MEDICAL BLVD,,8503255000,HOSPITAL PHYSICIAN SERVICES OF FLORIDA PA,True,True,True,pri_spec=INTERNAL MEDICINE + state=FL,2025-11-15 19:22:47.223431,20251115_192247,1023670833_FL_4427
1033615208,FL,TALLAHASSEE,323084402,2626 CAPITAL MEDICAL BLVD,,8503255000,HOSPITAL PHYSICIAN SERVICES OF FLORIDA PA,True,True,True,pri_spec=INTERNAL MEDICINE + state=FL,2025-11-15 19:22:47.223431,20251115_192247,1033615208_FL_4551
1073174314,FL,TALLAHASSEE,323084402,2626 CAPITAL MEDICAL BLVD,,8503255000,HOSPITAL PHYSICIAN SERVICES OF FLORIDA PA,True,True,True,pri_spec=INTERNAL MEDICINE + state=FL,2025-11-15 19:22:47.223431,20251115_192247,1073174314_FL_4940
1316268469,FL,TALLAHASSEE,323084430,1845 JACLIF CT,,8509992328,"CAPITAL NEPHROLOGY CLINIC, PA",True,True,True,pri_spec=Neurology + state=FL,2025-11-15 19:22:47.223431,20251115_192247,1316268469_FL_3713
1073950200,FL,TALLAHASSEE,323084614,1301 HODGES DR,,8504315430,TALLAHASSEE MEMORIAL HEALTHCARE INC,True,True,True,pri_spec=INTERNAL MEDICINE + state=FL,2025-11-15 19:22:47.223431,20251115_192247,1073950200_FL_5015
1093862252,FL,TALLAHASSEE,323084614,1301 HODGES DR,,8504315430,TALLAHASSEE MEMORIAL HEALTHCARE INC,True,True,True,pri_spec=INTERNAL MEDICINE + state=FL,2025-11-15 19:22:47.223431,20251115_192247,1093862252_FL_5288
1134196215,FL,TALLAHASSEE,323084639,1401 CENTERVILLE RD,SUITE 300,8508775115,TALLAHASSEE NEUROLOGICAL CLINIC,True,True,True,pri_spec=Neurology + state=FL,2025-11-15 19:22:47.223431,20251115_192247,1134196215_FL_3062
1053872978,FL,TALLAHASSEE,323084646,1300 MEDICAL DR,,8502160100,TALLAHASSEE MEMORIAL HEALTHCARE INC,True,True,True,pri_spec=INTERNAL MEDICINE + state=FL,2025-11-15 19:22:47.223431,20251115_192247,1053872978_FL_4835
1033538624,FL,TALLAHASSEE,323085054,1300 MICCOSUKEE RD,,8504311155,TALLAHASSEE MEMORIAL HEALTHCARE INC,True,True,True,pri_spec=INTERNAL MEDICINE + state=FL,2025-11-15 19:22:47.223431,20251115_192247,1033538624_FL_4541
1053982355,FL,TALLAHASSEE,323085054,1300 MICCOSUKEE RD,,8504314997,TALLAHASSEE MEMORIAL HEALTHCARE INC,True,True,True,pri_spec=INTERNAL MEDICINE + state=FL,2025-11-15 19:22:47.223431,20251115_192247,1053982355_FL_4839
1053998138,FL,TALLAHASSEE,323085054,1300 MICCOSUKEE RD,,8504317900,TALLAHASSEE MEMORIAL HEALTHCARE INC,True,True,True,pri_spec=INTERNAL MEDICINE + state=FL,2025-11-15 19:22:47.223431,20251115_192247,1053998138_FL_4845
1063033751,FL,TALLAHASSEE,323085054,1300 MICCOSUKEE RD,,8504317900,TALLAHASSEE MEMORIAL HEALTHCARE INC,True,True,True,pri_spec=INTERNAL MEDICINE + state=FL,2025-11-15 19:22:47.223431,20251115_192247,1063033751_FL_4846
1073950200,FL,TALLAHASSEE,323085054,1300 MICCOSUKEE RD,,8504314997,TALLAHASSEE MEMORIAL HEALTHCARE INC,True,True,True,pri_spec=INTERNAL MEDICINE + state=FL,2025-11-15 19:22:47.223431,20251115_192247,1073950200_FL_5016
1407388804,FL,TALLAHASSEE,323085315,1675 RIGGINS RD,,8507274977,NORTH FLORIDA REHAB SOLUTIONS,False,False,True,pri_spec=Neurology + state=FL,2025-11-15 19:22:47.223431,20251115_192247,1407388804_FL_4051
1023246352,FL,TALLAHASSEE,323085315,1675 RIGGINS RD,,8507274977,NORTH FLORIDA REHAB SOLUTIONS,False,False,True,pri_spec=INTERNAL MEDICINE + state=FL,2025-11-15 19:22:47.223431,20251115_192247,1023246352_FL_4379
1326281940,FL,TALLAHASSEE,323089815,2473 CARE DR,SUITE 102,8504315001,TALLAHASSEE MEMORIAL HEALTHCARE INC,True,True,True,pri_spec=Neurology + state=FL,2025-11-15 19:22:47.223431,20251115_192247,1326281940_FL_3746
1407388804,FL,TALLAHASSEE,323089815,2473 CARE DR,SUITE 102,8504315001,TALLAHASSEE MEMORIAL HEALTHCARE INC,False,True,True,pri_spec=Neurology + state=FL,2025-11-15 19:22:47.223431,20251115_192247,1407388804_FL_4050
1093973786,FL,TALLAHASSEE,323122512,1312 LIVE OAK PLANTATION RD,,3165007549710,VIGILIAS LLC,True,True,True,pri_spec=INTERNAL MEDICINE + state=FL,2025-11-15 19:22:47.223431,20251115_192247,1093973786_FL_5331
1063592459,FL,PANAMA CITY,324013623,615 N BONITA AVE,,8507691511,HNI HOSPITAL SERVICES OF FLORIDA LLC,True,True,True,pri_spec=INTERNAL MEDICINE + state=FL,2025-11-15 19:22:47.223431,20251115_192247,1063592459_FL_4884
1093342677,FL,PANAMA CITY,324013623,615 N BONITA AVE,,8507691511,HNI HOSPITAL SERVICES OF FLORIDA LLC,True,True,True,pri_spec=INTERNAL MEDICINE + state=FL,2025-11-15 19:22:47.223431,20251115_192247,1093342677_FL_5247
1134362288,FL,PANAMA CITY,324013661,801 E 6TH ST,,8507703030,SACRED HEART HEALTH SYSTEM INC,True,True,True,pri_spec=Neurology + state=FL,2025-11-15 19:22:47.223431,20251115_192247,1134362288_FL_3083
1164790754,FL,PANAMA CITY,324013661,801 E 6TH ST,,8507703030,SACRED HEART HEALTH SYSTEM INC,True,True,True,pri_spec=Neurology + state=FL,2025-11-15 19:22:47.223431,20251115_192247,1164790754_FL_3229
1093151177,FL,PANAMA CITY,324013661,801 E 6TH ST,,8507703030,SACRED HEART HEALTH SYSTEM INC,True,True,True,pri_spec=INTERNAL MEDICINE + state=FL,2025-11-15 19:22:47.223431,20251115_192247,1093151177_FL_5215
1124229117,FL,PANAMA CITY,324054548,2250 HARRISON AVE,,8507842477,TALLAHASSEE NEUROLOGY SPECIALISTS PL,True,True,True,pri_spec=Neurology + state=FL,2025-11-15 19:22:47.223431,20251115_192247,1124229117_FL_2977
1114071412,FL,PANAMA CITY,324054707,204 E 19TH ST,,8507635409,DIGESTIVE DISEASES CENTER OF FLORIDA PLLC,True,True,True,pri_spec=INTERNAL MEDICINE + state=FL,2025-11-15 19:22:47.223431,20251115_192247,1114071412_FL_5522
1063625119,FL,PANAMA CITY BEACH,324072522,120 N RICHARD JACKSON BLVD,SUITE 100,8502336922,SACRED HEART HEALTH SYSTEM INC,True,True,True,pri_spec=Neurology + state=FL,2025-11-15 19:22:47.223431,20251115_192247,1063625119_FL_2781
1023025855,FL,BLOUNTSTOWN,324241045,20370 NE BURNS AVE,,8506745411226,CALHOUN-LIBERTY HOSPITAL ASSOCIATION INC,True,True,True,pri_spec=INTERNAL MEDICINE + state=FL,2025-11-15 19:22:47.223431,20251115_192247,1023025855_FL_4335
1073932828,FL,CHIPLEY,324286303,1360 BRICKYARD RD,,8506381610,"NORTHWEST FLORIDA HEALTHCARE, INC.",True,True,True,pri_spec=INTERNAL MEDICINE + state=FL,2025-11-15 19:22:47.223431,20251115_192247,1073932828_FL_5012
1093703704,FL,MARIANNA,324461917,4250 HOSPITAL DR,,8505262200,ER PHYSICIAN GROUP AT JACKSON HOSPITAL,True,True,True,pri_spec=INTERNAL MEDICINE + state=FL,2025-11-15 19:22:47.223431,20251115_192247,1093703704_FL_5256
1053330787,FL,PENSACOLA,325031909,4400 BAYOU BLVD,SUITE 54A,7273233611,ABODE CARE PARTNERS AL VB LLC,True,True,True,pri_spec=INTERNAL MEDICINE + state=FL,2025-11-15 19:22:47.223431,20251115_192247,1053330787_FL_4694
1215186531,FL,PENSACOLA,325032254,123 BAPTIST WAY,,4482273100,BAPTIST MEDICAL GROUP LLC,True,True,True,pri_spec=Neurology + state=FL,2025-11-15 19:22:47.223431,20251115_192247,1215186531_FL_3377
1013992031,FL,PENSACOLA,325032254,123 BAPTIST WAY,,8504692313,PENSACOLA HOSPITALIST PHYSICIANS LLC,True,True,True,pri_spec=INTERNAL MEDICINE + state=FL,2025-11-15 19:22:47.223431,20251115_192247,1013992031_FL_4324
1013995794,FL,PENSACOLA,325032254,123 BAPTIST WAY,,8504692313,PENSACOLA HOSPITALIST PHYSICIANS LLC,True,True,True,pri_spec=INTERNAL MEDICINE + state=FL,2025-11-15 19:22:47.223431,20251115_192247,1013995794_FL_4326
1033196183,FL,PENSACOLA,325032254,123 BAPTIST WAY,,4482273100,BAPTIST MEDICAL GROUP LLC,True,True,True,pri_spec=INTERNAL MEDICINE + state=FL,2025-11-15 19:22:47.223431,20251115_192247,1033196183_FL_4478
1033267679,FL,PENSACOLA,325032254,123 BAPTIST WAY,,8504692313,PENSACOLA HOSPITALIST PHYSICIANS LLC,True,True,True,pri_spec=INTERNAL MEDICINE + state=FL,2025-11-15 19:22:47.223431,20251115_192247,1033267679_FL_4503
1093859746,FL,PENSACOLA,325032254,123 BAPTIST WAY,,8504692313,PENSACOLA HOSPITALIST PHYSICIANS LLC,True,True,True,pri_spec=INTERNAL MEDICINE + state=FL,2025-11-15 19:22:47.223431,20251115_192247,1093859746_FL_5284
1104187194,FL,PENSACOLA,325032254,123 BAPTIST WAY,,8504692313,PENSACOLA HOSPITALIST PHYSICIANS LLC,True,True,True,pri_spec=INTERNAL MEDICINE + state=FL,2025-11-15 19:22:47.223431,20251115_192247,1104187194_FL_5389
1043674757,FL,PENSACOLA,325032339,4724 N DAVIS HWY,,8506964000,WOODLANDS MEDICAL SPECIALISTS P A,True,True,True,pri_spec=INTERNAL MEDICINE + state=FL,2025-11-15 19:22:47.223431,20251115_192247,1043674757_FL_4662
1104576636,FL,PENSACOLA,325048721,5151 N 9TH AVE,,8504167000,GALEN INPATIENT PHYSICIANS PC,True,True,True,pri_spec=INTERNAL MEDICINE + state=FL,2025-11-15 19:22:47.223431,20251115_192247,1104576636_FL_5447
1215186531,FL,PENSACOLA,325145485,9400 UNIVERSITY PKWY,,,BAPTIST MEDICAL GROUP LLC,True,True,True,pri_spec=Neurology + state=FL,2025-11-15 19:22:47.223431,20251115_192247,1215186531_FL_3379
1124462403,FL,PENSACOLA,325146039,8383 N DAVIS HWY,1ST FLOOR,8504943954,WEST FLORIDA SPECIALTY PHYSICIANS LLC,True,True,True,pri_spec=Neurology + state=FL,2025-11-15 19:22:47.223431,20251115_192247,1124462403_FL_3023
1003235359,FL,PENSACOLA,325146039,8383 N DAVIS HWY,WEST FLORIDA HOSPITAL,8504944000,HOSPITAL PHYSICIAN SERVICES OF FLORIDA PA,True,True,True,pri_spec=INTERNAL MEDICINE + state=FL,2025-11-15 19:22:47.223431,20251115_192247,1003235359_FL_4086
1104168525,FL,PENSACOLA,325146039,8383 N DAVIS HWY,WEST FLORIDA HOSPITAL,8504944000,HOSPITAL PHYSICIAN SERVICES OF FLORIDA PA,True,True,True,pri_spec=INTERNAL MEDICINE + state=FL,2025-11-15 19:22:47.223431,20251115_192247,1104168525_FL_5388
1003136987,FL,PENSACOLA,325146050,8333 N DAVIS HWY,,8504748000,WEST FLORIDA MEDICAL CENTER CLINIC PA,True,True,True,pri_spec=Neurology + state=FL,2025-11-15 19:22:47.223431,20251115_192247,1003136987_FL_2565
1235113275,FL,PENSACOLA,325146050,8333 N DAVIS HWY,,8504748000,WEST FLORIDA MEDICAL CENTER CLINIC PA,True,True,True,pri_spec=Neurology + state=FL,2025-11-15 19:22:47.223431,20251115_192247,1235113275_FL_3425
1043673171,FL,CRESTVIEW,325395352,151 E REDSTONE AVE,,5612993667,NUVIEW TELEHEALTH LLC,True,True,True,pri_spec=Neurology + state=FL,2025-11-15 19:22:47.223431,20251115_192247,1043673171_FL_2745
1295997377,FL,CRESTVIEW,325395352,151 E REDSTONE AVE,,5612993667,NUVIEW TELEHEALTH LLC,True,True,True,pri_spec=Neurology + state=FL,2025-11-15 19:22:47.223431,20251115_192247,1295997377_FL_3612
1114125572,FL,CRESTVIEW,325395352,151 E REDSTONE AVE,,8506898100,FLORIDIAN HOSPITALIST SERVICES LLC,True,True,True,pri_spec=INTERNAL MEDICINE + state=FL,2025-11-15 19:22:47.223431,20251115_192247,1114125572_FL_5530
1033795919,FL,FORT WALTON BEACH,325484358,131 BEAL PKWY NW,,8502438558,ANTHONY DECOTIS MD PA,True,True,True,pri_spec=INTERNAL MEDICINE + state=FL,2025-11-15 19:22:47.223431,20251115_192247,1033795919_FL_4570
1396915898,FL,MIRAMAR BEACH,325503245,12815 US HWY 98 W,SUITE 116,8509325055,CHILD NEUROLOGY CENTER OF NORTHWEST FLORIDA PA,True,True,True,pri_spec=Neurology + state=FL,2025-11-15 19:22:47.223431,20251115_192247,1396915898_FL_4029
1215186531,FL,GULF BREEZE,325614803,1110 GULF BREEZE PKWY,SUITE 200,8504378810,BAPTIST MEDICAL GROUP LLC,True,True,True,pri_spec=Neurology + state=FL,2025-11-15 19:22:47.223431,20251115_192247,1215186531_FL_3380
1104403898,FL,NAVARRE,325664556,7456 NAVARRE PKWY,,8506265070,"SANTA ROSA HMA PHYSICIAN MANAGEMENT, LLC",True,True,True,pri_spec=INTERNAL MEDICINE + state=FL,2025-11-15 19:22:47.223431,20251115_192247,1104403898_FL_5427
1154522175,FL,MILTON,325701014,5992 BERRYHILL RD,,,"SANTA ROSA HMA PHYSICIAN MANAGEMENT, LLC",True,True,True,pri_spec=Neurology + state=FL,2025-11-15 19:22:47.223431,20251115_192247,1154522175_FL_3148
1154522175,FL,MILTON,325705062,6002 BERRYHILL RD,,8506267762,"SANTA ROSA HMA PHYSICIAN MANAGEMENT, LLC",True,True,True,pri_spec=Neurology + state=FL,2025-11-15 19:22:47.223431,20251115_192247,1154522175_FL_3149
1033158985,FL,MILTON,325705062,6002 BERRYHILL RD,,8506267762,SANTA ROSA HB MEDICAL SERVICES LLC,False,False,True,pri_spec=INTERNAL MEDICINE + state=FL,2025-11-15 19:22:47.223431,20251115_192247,1033158985_FL_4454
1154522175,FL,MILTON,325718791,4225 WOODBINE RD,SUITE F,8509834497,"SANTA ROSA HMA PHYSICIAN MANAGEMENT, LLC",True,True,True,pri_spec=Neurology + state=FL,2025-11-15 19:22:47.223431,20251115_192247,1154522175_FL_3150
1154522175,FL,PACE,325718791,4225 WOODBINE RD,,8509946575,"SANTA ROSA HMA PHYSICIAN MANAGEMENT, LLC",True,True,True,pri_spec=Neurology + state=FL,2025-11-15 19:22:47.223431,20251115_192247,1154522175_FL_3151
1114286879,FL,NICEVILLE,325781049,1001 COLLEGE BLVD W,B1 NAB LIFE HEALTH,2149490055,"ALW ENTERPRISES, PA",True,True,True,pri_spec=INTERNAL MEDICINE + state=FL,2025-11-15 19:22:47.223431,20251115_192247,1114286879_FL_5547
1093906455,FL,GAINESVILLE,326054253,6800 NW 9TH BLVD,SUITE 2,3524784700,QUALITY NEUROLOGY LLC,True,True,True,pri_spec=Neurology + state=FL,2025-11-15 19:22:47.223431,20251115_192247,1093906455_FL_2896
1124081237,FL,GAINESVILLE,326054256,1121 NW 64TH TER,,,NORTH FLORIDA SURGICAL ASSOCIATES LLC,True,True,True,pri_spec=Neurology + state=FL,2025-11-15 19:22:47.223431,20251115_192247,1124081237_FL_2963
1053424382,FL,GAINESVILLE,326054308,6420 W NEWBERRY RD E WING,100 FLORIDA CANCER SPECIAL,3523323900,"FLORIDA CANCER SPECIALISTS AND RESEARCH INSTITUTE, LLC",True,True,True,pri_spec=INTERNAL MEDICINE + state=FL,2025-11-15 19:22:47.223431,20251115_192247,1053424382_FL_4755
1124081237,FL,GAINESVILLE,326054309,6500 W NEWBERRY RD,,3523334000,NORTH FLORIDA SURGICAL ASSOCIATES LLC,True,True,True,pri_spec=Neurology + state=FL,2025-11-15 19:22:47.223431,20251115_192247,1124081237_FL_2964
1063745107,FL,GAINESVILLE,326054309,6500 W NEWBERRY RD,,3523843900,HOSPITAL INTERNAL MEDICINE PA,True,True,True,pri_spec=INTERNAL MEDICINE + state=FL,2025-11-15 19:22:47.223431,20251115_192247,1063745107_FL_4903
1073507000,FL,GAINESVILLE,326054309,6500 W NEWBERRY RD,,3523843900,HOSPITAL INTERNAL MEDICINE PA,True,True,True,pri_spec=INTERNAL MEDICINE + state=FL,2025-11-15 19:22:47.223431,20251115_192247,1073507000_FL_4957
1073819330,FL,GAINESVILLE,326054309,6500 W NEWBERRY RD,,3523843900,HOSPITAL INTERNAL MEDICINE PA,True,True,True,pri_spec=INTERNAL MEDICINE + state=FL,2025-11-15 19:22:47.223431,20251115_192247,1073819330_FL_5004
1356504591,FL,GAINESVILLE,326056611,6400 W NEWBERRY RD,SUITE 202,3523313583,NORTH FLORIDA SURGICAL ASSOCIATES LLC,True,True,True,pri_spec=Neurology + state=FL,2025-11-15 19:22:47.223431,20251115_192247,1356504591_FL_3927
1104929348,FL,MELROSE,326661099,PO BOX,SUITE 1099,,LAKE AREA PHYSICAL THERAPY INC.,False,False,True,pri_spec=INTERNAL MEDICINE + state=FL,2025-11-15 19:22:47.223431,20251115_192247,1104929348_FL_5503
1104929348,FL,Melrose,326661099,PO BOX,SUITE 1099,,LAKE AREA PHYSICAL THERAPY INC.,False,False,True,pri_spec=INTERNAL MEDICINE + state=FL,2025-11-15 19:22:47.223431,20251115_192247,1104929348_FL_5504
1073501185,FL,ALTAMONTE SPG,327014802,601 E ALTAMONTE DR,,4078304321,MID FLORIDA HOSPITAL SPECIALISTS PA,True,True,True,pri_spec=INTERNAL MEDICINE + state=FL,2025-11-15 19:22:47.223431,20251115_192247,1073501185_FL_4951
1043743297,FL,ALTAMONTE SPRINGS,327015102,661 E ALTAMONTE DR,SUITE 115,4078314040,ADVENTHEALTH PRIMARY CARE NETWORK INC,True,True,True,pri_spec=INTERNAL MEDICINE + state=FL,2025-11-15 19:22:47.223431,20251115_192247,1043743297_FL_4669
1053396309,FL,ALTAMONTE SPRINGS,327015102,661 E ALTAMONTE DR,SUITE 115,4078314040,ADVENTHEALTH PRIMARY CARE NETWORK INC,True,True,True,pri_spec=INTERNAL MEDICINE + state=FL,2025-11-15 19:22:47.223431,20251115_192247,1053396309_FL_4749
1073521902,FL,ALTAMONTE SPRINGS,327015102,661 E ALTAMONTE DR,SUITE 115,4078314040,ADVENTHEALTH PRIMARY CARE NETWORK INC,True,True,True,pri_spec=INTERNAL MEDICINE + state=FL,2025-11-15 19:22:47.223431,20251115_192247,1073521902_FL_4958
1083672380,FL,ALTAMONTE SPRINGS,327015102,661 E ALTAMONTE DR,SUITE 115,4078314040,ADVENTHEALTH PRIMARY CARE NETWORK INC,True,True,True,pri_spec=INTERNAL MEDICINE + state=FL,2025-11-15 19:22:47.223431,20251115_192247,1083672380_FL_5100
1013905629,FL,APOPKA,327035943,3191 E SEMORAN BLVD,,4077886500,HUNT CLUB MEDICAL PLC,True,True,True,pri_spec=INTERNAL MEDICINE + state=FL,2025-11-15 19:22:47.223431,20251115_192247,1013905629_FL_4286
1083690713,FL,CASSELBERRY,327075664,985 STATE RD,SUITE 436,4078315252,CFP CARE TEAM LLC,True,True,True,pri_spec=INTERNAL MEDICINE + state=FL,2025-11-15 19:22:47.223431,20251115_192247,1083690713_FL_5109
1093715989,FL,CASSELBERRY,327075664,985 STATE RD,SUITE 436,4078315252,CFP CARE TEAM LLC,True,True,True,pri_spec=INTERNAL MEDICINE + state=FL,2025-11-15 19:22:47.223431,20251115_192247,1093715989_FL_5259
1023006111,FL,WINTER SPRINGS,327082505,411 E 434 STATE RD,SUITE A,4072739410,DR SON L CHAU PA,True,True,True,pri_spec=INTERNAL MEDICINE + state=FL,2025-11-15 19:22:47.223431,20251115_192247,1023006111_FL_4327
1114253796,FL,ALTAMONTE SPRINGS,327144807,980 GATEWAY DR,,3219893104,BAY AREA NEUROLOGY LLC,True,True,True,pri_spec=Neurology + state=FL,2025-11-15 19:22:47.223431,20251115_192247,1114253796_FL_2936
